date,kickoff,opponent,home,location,note
2026-09-05,2026-09-05T12:00:00-04:00,Curry,yes,"Mazzaferro Field, Bridgewater, MA",
2026-09-12,2026-09-12T12:00:00-04:00,Westfield St.,no,"Alumni Field, Westfield, MA",
2026-09-19,2026-09-19T12:00:00-04:00,Plymouth St.,no,"Panther Field, Plymouth, NH",
2026-10-03,2026-10-03T16:00:00-04:00,Worcester St.,yes,"Mazzaferro Field, Bridgewater, MA",Homecoming 2026
2026-10-09,2026-10-09T18:00:00-04:00,Framingham St.,yes,"Mazzaferro Field, Bridgewater, MA",
2026-10-17,2026-10-17T12:00:00-04:00,Dean,no,"Dale Lippert Field, Franklin, MA",
2026-10-24,2026-10-24T16:00:00-04:00,Mass.-Dartmouth,no,"Cressy Field, Dartmouth, MA",
2026-10-31,2026-10-31T12:00:00-04:00,Fitchburg St.,yes,"Mazzaferro Field, Bridgewater, MA",
2026-11-14,2026-11-14T12:00:00-05:00,Mass. Maritime,yes,"Mazzaferro Field, Bridgewater, MA",47th Annual Cranberry Bowl Senior Day
