date,open,close,fetched
2026-09-27,14.0,22.0,2026-10-02
2026-09-28,7.5,23.0,2026-10-02
2026-09-29,7.5,23.0,2026-10-02
2026-09-30,7.5,23.0,2026-10-02
2026-10-01,7.5,23.0,2026-10-02
2026-10-02,7.5,17.0,2026-10-02
2026-10-03,8.5,16.0,2026-10-02
2026-10-04,14.0,22.0,2026-10-02
2026-10-05,7.5,23.0,2026-10-02
2026-10-06,7.5,23.0,2026-10-02
2026-10-07,7.5,23.0,2026-10-02
2026-10-08,7.5,23.0,2026-10-02
2026-10-09,7.5,17.0,2026-10-02
2026-10-10,8.5,16.0,2026-10-02
2026-10-11,14.0,22.0,2026-10-02
2026-10-12,,,2026-10-02
2026-10-13,7.5,23.0,2026-10-02
2026-10-14,7.5,23.0,2026-10-02
2026-10-15,7.5,23.0,2026-10-02
2026-10-16,7.5,17.0,2026-10-02
2026-10-17,8.5,16.0,2026-10-02
2026-10-18,14.0,22.0,2026-10-02
2026-10-19,7.5,23.0,2026-10-02
2026-10-20,7.5,23.0,2026-10-02
2026-10-21,7.5,23.0,2026-10-02
2026-10-22,7.5,23.0,2026-10-02
2026-10-23,7.5,17.0,2026-10-02
2026-10-24,8.5,16.0,2026-10-02
2026-10-25,14.0,22.0,2026-10-02
2026-10-26,7.5,23.0,2026-10-02
2026-10-27,7.5,23.0,2026-10-02
2026-10-28,7.5,23.0,2026-10-02
2026-10-29,7.5,23.0,2026-10-02
2026-10-30,7.5,17.0,2026-10-02
2026-10-31,8.5,16.0,2026-10-02
2026-11-01,14.0,22.0,2026-10-02
2026-11-02,7.5,23.0,2026-10-02
2026-11-03,7.5,23.0,2026-10-02
2026-11-04,7.5,23.0,2026-10-02
2026-11-05,7.5,23.0,2026-10-02
2026-11-06,7.5,17.0,2026-10-02
2026-11-07,8.5,16.0,2026-10-02
2026-11-08,14.0,22.0,2026-10-02
2026-11-09,7.5,23.0,2026-10-02
2026-11-10,7.5,23.0,2026-10-02
2026-11-11,,,2026-10-02
2026-11-12,7.5,23.0,2026-10-02
2026-11-13,7.5,17.0,2026-10-02
2026-11-14,8.5,16.0,2026-10-02
2026-11-15,14.0,22.0,2026-10-02
2026-11-16,7.5,23.0,2026-10-02
2026-11-17,7.5,23.0,2026-10-02
2026-11-18,7.5,23.0,2026-10-02
2026-11-19,7.5,23.0,2026-10-02
2026-11-20,7.5,17.0,2026-10-02
2026-11-21,8.5,16.0,2026-10-02
2026-11-22,14.0,22.0,2026-10-02
2026-11-23,7.5,23.0,2026-10-02
2026-11-24,7.5,23.0,2026-10-02
2026-11-25,7.5,23.0,2026-10-02
2026-11-26,,,2026-10-02
2026-11-27,7.5,17.0,2026-10-02
2026-11-28,8.5,16.0,2026-10-02
2026-11-29,14.0,23.0,2026-10-02
2026-11-30,7.5,24.0,2026-10-02
2026-12-01,7.5,24.0,2026-10-02
2026-12-02,7.5,24.0,2026-10-02
2026-12-03,7.5,24.0,2026-10-02
2026-12-04,7.5,19.0,2026-10-02
2026-12-05,8.5,19.0,2026-10-02
2026-12-06,14.0,23.0,2026-10-02
2026-12-07,7.5,24.0,2026-10-02
2026-12-08,7.5,24.0,2026-10-02
2026-12-09,7.5,24.0,2026-10-02
2026-12-10,7.5,24.0,2026-10-02
2026-12-11,7.5,19.0,2026-10-02
2026-12-12,8.5,19.0,2026-10-02
2026-12-13,14.0,22.0,2026-10-02
2026-12-14,7.5,23.0,2026-10-02
2026-12-15,7.5,23.0,2026-10-02
2026-12-16,7.5,23.0,2026-10-02
2026-12-17,7.5,23.0,2026-10-02
2026-12-18,7.5,17.0,2026-10-02
2026-12-19,,,2026-10-02
2026-12-20,,,2026-10-02
2026-12-21,8.0,16.0,2026-10-02
2026-12-22,8.0,16.0,2026-10-02
2026-12-23,8.0,16.0,2026-10-02
2026-12-24,8.0,16.0,2026-10-02
2026-12-25,,,2026-10-02
2026-12-26,,,2026-10-02
2026-12-27,,,2026-10-02
2026-12-28,8.0,16.0,2026-10-02
2026-12-29,8.0,16.0,2026-10-02
2026-12-30,8.0,16.0,2026-10-02
2026-12-31,8.0,16.0,2026-10-02
2027-01-01,8.0,16.0,2026-10-02
2027-01-02,,,2026-10-02
2027-01-03,,,2026-10-02
2027-01-04,8.0,16.0,2026-10-02
2027-01-05,8.0,16.0,2026-10-02
2027-01-06,8.0,16.0,2026-10-02
2027-01-07,8.0,16.0,2026-10-02
2027-01-08,8.0,16.0,2026-10-02
2027-01-09,,,2026-10-02
2027-01-10,,,2026-10-02
2027-01-11,8.0,16.0,2026-10-02
2027-01-12,8.0,16.0,2026-10-02
2027-01-13,8.0,16.0,2026-10-02
2027-01-14,8.0,16.0,2026-10-02
2027-01-15,8.0,16.0,2026-10-02
2027-01-16,,,2026-10-02
