building,short_name,printers,supported_by,lat,lon,notes,suggested_lat,suggested_lon,suggested_from
Boyden Hall,Boyden,1,IT Service Center,,,,41.98751,-70.97478,nearest lot on OpenStreetMap
DMF Science & Math Center,DMF,2,IT Service Center,,,,41.98902,-70.9703,nearest lot on OpenStreetMap
Harrington Hall,Harrington,1,IT Service Center,,,,41.98627,-70.974577,nearest lot on OpenStreetMap
Hunt Hall,Hunt,1,IT Service Center,,,,41.988144,-70.974612,nearest lot on OpenStreetMap
Maxwell Library,Maxwell,3,IT Service Center,,,,41.986252,-70.97077,nearest lot on OpenStreetMap: Shaw Road Lot
Moakley Center,Moakley,2,IT Service Center,,,,41.989513,-70.966125,nearest lot on OpenStreetMap
Rondileau Student Union,RSU,2,IT Service Center,,,,41.988308,-70.972955,nearest lot on OpenStreetMap
Tillinghast Hall,Tilly,1,IT Service Center,,,,41.988002,-70.973305,nearest lot on OpenStreetMap
Tinsley Center,Tinsley,1,IT Service Center,,,,41.988852,-70.962077,nearest lot on OpenStreetMap
Crimson Hall,Crimson,2,ResNet,,,,41.985225,-70.965201,nearest lot on OpenStreetMap
DiNardo Hall,DiNardo,1,ResNet,,,,41.988289,-70.964431,nearest lot on OpenStreetMap
East Campus Commons,ECC,1,ResNet,,,,41.985225,-70.965201,nearest lot on OpenStreetMap
Great Hill Apartments,Great Hill Apts,1,ResNet,,,,41.987804,-70.96253,nearest lot on OpenStreetMap
Miles Hall,Miles,1,ResNet,,,,41.988289,-70.964431,nearest lot on OpenStreetMap
Pope Hall,Pope,2,ResNet,,,,41.988308,-70.972955,nearest lot on OpenStreetMap
Scott Hall,Scott,2,ResNet,,,,41.98617,-70.972998,nearest lot on OpenStreetMap
Shea/Durgin,Shea/Durgin,2,ResNet,,,,41.985532,-70.961931,nearest lot on OpenStreetMap: Shea/Durgin Lot
Stonehouse Hall,Stonehouse,1,ResNet,,,,41.987716,-70.96285,nearest lot on OpenStreetMap
Weygand Hall,Weygand,2,ResNet,,,,41.985225,-70.965201,nearest lot on OpenStreetMap
Woodward Hall,Woodward,1,ResNet,,,,41.986211,-70.973209,nearest lot on OpenStreetMap
