building,residents,who,source,estimated
Miles Hall,200,Upper class,residence-life,True
DiNardo Hall,200,Upper class,residence-life,True
Crimson Hall,408,Upper class,residence-life,False
Stonehouse Hall,300,Upper class,residence-life,False
Weygand Hall,500,"Upper class, Upper class residential learning communities",residence-life,False
Scott Hall,269,"Upper class, First year",residence-life,False
Woodward Hall,231,First year,residence-life,False
Pope Hall,336,"Upper class, First year, Upper class residential learning community, First year residential learning community",residence-life,False
Shea/Durgin,658,First year,residence-life,False
Great Hill Apartments,198,Upper class,residence-life,False
